{"major": {"total_mal": 5406, "word": "major", "rate_fem": 27, "words_included": "major", "rate_mal": 36, "yearly_rates_mal": [36, 43, 35, 40, 40, 39, 39, 39, 32, 33, 32, 30, 39, 37, 35, 41, 35, 36, 30, 35], "yearly_rates_fem": [32, 25, 23, 27, 32, 34, 27, 21, 31, 31, 32, 25, 36, 22, 20, 30, 21, 23, 24, 24], "total_fem": 730}, "fashion": {"total_mal": 1094, "word": "fashion", "rate_fem": 26, "words_included": "fashion", "rate_mal": 7, "yearly_rates_mal": [9, 7, 10, 8, 7, 8, 13, 7, 6, 5, 6, 6, 8, 5, 7, 7, 4, 12, 8, 6], "yearly_rates_fem": [35, 34, 62, 41, 29, 20, 9, 28, 24, 13, 12, 16, 23, 26, 16, 30, 43, 23, 19, 13], "total_fem": 672}, "love": {"total_mal": 2057, "word": "love", "rate_fem": 30, "words_included": "love", "rate_mal": 14, "yearly_rates_mal": [11, 8, 8, 12, 13, 10, 11, 13, 10, 15, 15, 18, 18, 16, 16, 17, 17, 15, 14, 18], "yearly_rates_fem": [22, 23, 18, 36, 14, 29, 27, 21, 41, 34, 20, 40, 44, 26, 34, 39, 43, 36, 29, 23], "total_fem": 827}, "family": {"total_mal": 13463, "word": "family", "rate_fem": 120, "words_included": "family", "rate_mal": 90, "yearly_rates_mal": [49, 59, 45, 107, 145, 148, 142, 104, 93, 83, 79, 86, 80, 72, 84, 81, 79, 88, 89, 92], "yearly_rates_fem": [107, 77, 64, 119, 160, 170, 162, 143, 138, 134, 108, 121, 108, 105, 118, 124, 118, 90, 116, 109], "total_fem": 3241}, "dance": {"total_mal": 5713, "word": "dance", "rate_fem": 127, "words_included": "dancer, dance, ballet, choreographer", "rate_mal": 39, "yearly_rates_mal": [64, 39, 42, 39, 41, 58, 58, 54, 34, 48, 30, 40, 21, 22, 32, 28, 29, 31, 37, 31], "yearly_rates_fem": [158, 86, 78, 95, 167, 114, 114, 105, 118, 120, 106, 134, 215, 120, 140, 126, 113, 161, 124, 147], "total_fem": 3441}, "national": {"total_mal": 12119, "word": "national", "rate_fem": 77, "words_included": "national", "rate_mal": 81, "yearly_rates_mal": [88, 88, 87, 90, 91, 98, 93, 84, 87, 81, 79, 74, 80, 69, 70, 80, 72, 76, 67, 73], "yearly_rates_fem": [74, 86, 83, 84, 104, 103, 72, 115, 79, 72, 84, 59, 51, 65, 77, 65, 76, 57, 61, 76], "total_fem": 2062}, "son": {"total_mal": 25152, "word": "son", "rate_fem": 130, "words_included": "son, sons", "rate_mal": 169, "yearly_rates_mal": [180, 194, 192, 218, 241, 208, 203, 200, 174, 153, 144, 137, 144, 143, 140, 133, 138, 155, 136, 147], "yearly_rates_fem": [162, 156, 140, 158, 165, 149, 144, 180, 172, 123, 139, 105, 103, 111, 98, 103, 115, 91, 96, 83], "total_fem": 3438}, "culture": {"total_mal": 2450, "word": "culture", "rate_fem": 20, "words_included": "culture, cultural", "rate_mal": 16, "yearly_rates_mal": [13, 10, 15, 15, 10, 12, 13, 22, 14, 17, 17, 16, 19, 18, 18, 19, 21, 14, 22, 24], "yearly_rates_fem": [12, 8, 9, 18, 34, 25, 24, 26, 20, 21, 25, 18, 20, 21, 18, 22, 17, 31, 14, 26], "total_fem": 559}, "taught": {"total_mal": 5226, "word": "taught", "rate_fem": 40, "words_included": "taught", "rate_mal": 35, "yearly_rates_mal": [25, 36, 40, 45, 47, 46, 45, 41, 39, 33, 31, 29, 32, 33, 28, 30, 30, 30, 29, 30], "yearly_rates_fem": [46, 52, 42, 45, 54, 55, 53, 43, 43, 36, 34, 38, 42, 32, 38, 30, 26, 35, 25, 31], "total_fem": 1066}, "politics": {"total_mal": 19715, "word": "politics", "rate_fem": 76, "words_included": "congress, congresswoman, congressman, politics, political, government, minister", "rate_mal": 132, "yearly_rates_mal": [147, 148, 123, 119, 134, 126, 114, 151, 141, 138, 142, 141, 136, 135, 115, 114, 126, 119, 136, 137], "yearly_rates_fem": [80, 55, 56, 63, 87, 67, 52, 84, 79, 70, 113, 83, 73, 70, 46, 74, 94, 66, 113, 93], "total_fem": 2049}, "children": {"total_mal": 6793, "word": "children", "rate_fem": 99, "words_included": "children", "rate_mal": 45, "yearly_rates_mal": [43, 40, 42, 37, 40, 41, 33, 38, 47, 47, 49, 57, 49, 46, 51, 49, 53, 47, 53, 49], "yearly_rates_fem": [101, 133, 101, 95, 92, 106, 79, 76, 99, 106, 91, 125, 88, 113, 88, 114, 64, 112, 105, 89], "total_fem": 2673}, "established": {"total_mal": 2358, "word": "established", "rate_fem": 19, "words_included": "established", "rate_mal": 16, "yearly_rates_mal": [16, 18, 14, 15, 12, 16, 18, 18, 22, 19, 16, 14, 16, 13, 15, 15, 16, 16, 15, 12], "yearly_rates_fem": [24, 16, 18, 20, 24, 12, 19, 24, 23, 18, 18, 22, 22, 17, 18, 15, 22, 14, 18, 21], "total_fem": 516}, "law": {"total_mal": 9579, "word": "law", "rate_fem": 37, "words_included": "lawyer, attorney, defender, judge", "rate_mal": 64, "yearly_rates_mal": [91, 101, 93, 80, 67, 79, 68, 70, 66, 65, 61, 59, 62, 67, 32, 37, 46, 53, 49, 36], "yearly_rates_fem": [44, 40, 49, 48, 48, 32, 39, 48, 28, 36, 61, 36, 37, 44, 20, 16, 28, 16, 45, 31], "total_fem": 995}, "business": {"total_mal": 31207, "word": "business", "rate_fem": 117, "words_included": "business, company, corporation, finance", "rate_mal": 208, "yearly_rates_mal": [250, 246, 285, 296, 287, 235, 254, 216, 222, 194, 179, 196, 200, 153, 170, 162, 179, 166, 137, 142], "yearly_rates_fem": [114, 128, 111, 124, 149, 133, 130, 101, 111, 107, 141, 129, 121, 101, 149, 114, 71, 101, 88, 116], "total_fem": 3179}, "brother": {"total_mal": 11778, "word": "brother", "rate_fem": 70, "words_included": "brother, brothers", "rate_mal": 79, "yearly_rates_mal": [83, 104, 106, 111, 125, 104, 98, 91, 80, 71, 62, 63, 59, 63, 66, 62, 58, 59, 53, 59], "yearly_rates_fem": [78, 77, 93, 100, 97, 99, 79, 85, 85, 68, 66, 55, 56, 51, 52, 60, 54, 65, 40, 42], "total_fem": 1868}, "divorce": {"total_mal": 2273, "word": "divorce", "rate_fem": 41, "words_included": "divorce, divorced, divorcing", "rate_mal": 15, "yearly_rates_mal": [7, 6, 5, 5, 12, 22, 17, 14, 14, 17, 14, 16, 17, 17, 18, 19, 20, 20, 27, 23], "yearly_rates_fem": [28, 31, 28, 37, 47, 48, 52, 40, 35, 49, 35, 52, 44, 43, 29, 56, 34, 44, 45, 43], "total_fem": 1122}, "father": {"total_mal": 8446, "word": "father", "rate_fem": 55, "words_included": "father", "rate_mal": 57, "yearly_rates_mal": [43, 48, 36, 39, 57, 56, 59, 46, 57, 60, 58, 62, 66, 69, 68, 66, 65, 62, 44, 71], "yearly_rates_fem": [47, 47, 30, 48, 42, 42, 52, 39, 75, 61, 65, 63, 59, 47, 91, 72, 56, 59, 48, 61], "total_fem": 1525}, "sports": {"total_mal": 13978, "word": "sports", "rate_fem": 48, "words_included": "team, league, football, soccor, hockey, tennis, golf, wrestling, baseball, basketball, olympic, olympics", "rate_mal": 93, "yearly_rates_mal": [62, 77, 76, 69, 88, 69, 74, 77, 90, 97, 81, 110, 112, 111, 114, 138, 102, 87, 105, 125], "yearly_rates_fem": [40, 17, 36, 45, 32, 75, 42, 58, 49, 37, 45, 39, 57, 53, 34, 67, 80, 78, 31, 53], "total_fem": 1320}, "power": {"total_mal": 3207, "word": "power", "rate_fem": 11, "words_included": "power", "rate_mal": 22, "yearly_rates_mal": [17, 23, 21, 17, 14, 18, 24, 23, 18, 22, 30, 23, 20, 22, 18, 21, 25, 22, 29, 23], "yearly_rates_fem": [15, 11, 5, 5, 11, 5, 6, 13, 6, 10, 20, 16, 6, 12, 8, 15, 24, 5, 11, 16], "total_fem": 299}, "religion": {"total_mal": 8035, "word": "religion", "rate_fem": 47, "words_included": "god, gods, religious, religion, jewish, judaism, christian, christianity, muslim, islam, buddhist, buddhism, hinduism, hindu", "rate_mal": 54, "yearly_rates_mal": [46, 47, 48, 61, 69, 72, 75, 52, 55, 56, 52, 53, 50, 58, 49, 42, 48, 42, 51, 48], "yearly_rates_fem": [59, 39, 56, 45, 49, 59, 31, 34, 44, 68, 41, 45, 65, 67, 27, 45, 42, 47, 42, 48], "total_fem": 1289}, "acting": {"total_mal": 25266, "word": "acting", "rate_fem": 298, "words_included": "actress, actor, thespian, film, theater, broadway, television", "rate_mal": 170, "yearly_rates_mal": [204, 189, 174, 181, 163, 174, 181, 184, 170, 165, 138, 156, 170, 175, 141, 164, 196, 160, 156, 158], "yearly_rates_fem": [324, 291, 299, 349, 360, 309, 423, 349, 297, 265, 208, 185, 264, 312, 305, 261, 323, 289, 239, 300], "total_fem": 7934}, "book": {"total_mal": 16153, "word": "book", "rate_fem": 149, "words_included": "book, books", "rate_mal": 109, "yearly_rates_mal": [88, 100, 78, 93, 95, 100, 110, 122, 124, 103, 98, 111, 111, 121, 114, 116, 120, 131, 120, 119], "yearly_rates_fem": [99, 155, 158, 125, 127, 137, 132, 152, 143, 136, 145, 130, 175, 175, 142, 169, 137, 201, 162, 177], "total_fem": 4033}, "music": {"total_mal": 14018, "word": "music", "rate_fem": 142, "words_included": "musician, composer, pianist, opera, orchestra, singer, sang, symphony, conductor, musical", "rate_mal": 94, "yearly_rates_mal": [118, 96, 87, 97, 112, 83, 83, 86, 84, 108, 86, 84, 96, 89, 109, 89, 105, 83, 103, 86], "yearly_rates_fem": [172, 110, 185, 161, 106, 133, 198, 132, 123, 138, 105, 161, 132, 134, 130, 134, 157, 117, 126, 177], "total_fem": 3825}, "interest": {"total_mal": 2130, "word": "interest", "rate_fem": 16, "words_included": "interest", "rate_mal": 14, "yearly_rates_mal": [11, 12, 7, 10, 9, 14, 13, 13, 15, 16, 21, 16, 17, 17, 15, 18, 15, 17, 16, 14], "yearly_rates_fem": [11, 8, 16, 7, 18, 19, 17, 15, 19, 21, 23, 28, 13, 10, 17, 11, 20, 14, 15, 11], "total_fem": 428}, "teaching": {"total_mal": 2186, "word": "teaching", "rate_fem": 32, "words_included": "teacher, schoolteacher", "rate_mal": 15, "yearly_rates_mal": [20, 17, 17, 18, 19, 12, 18, 14, 16, 15, 17, 11, 13, 12, 14, 13, 10, 8, 13, 13], "yearly_rates_fem": [52, 39, 50, 45, 47, 32, 27, 31, 35, 19, 19, 36, 26, 14, 20, 26, 24, 30, 27, 31], "total_fem": 828}, "friend": {"total_mal": 3258, "word": "friend", "rate_fem": 34, "words_included": "friend", "rate_mal": 22, "yearly_rates_mal": [14, 16, 12, 14, 17, 26, 26, 30, 27, 25, 22, 27, 27, 23, 21, 19, 21, 25, 22, 23], "yearly_rates_fem": [27, 20, 21, 31, 31, 35, 42, 46, 37, 45, 36, 29, 31, 29, 34, 32, 43, 40, 36, 33], "total_fem": 921}, "literature": {"total_mal": 39970, "word": "literature", "rate_fem": 379, "words_included": "editor, publisher, writer, author, novelist, novel, novels, book, books, literary, literature, poetry, poet", "rate_mal": 268, "yearly_rates_mal": [262, 299, 251, 268, 272, 241, 282, 282, 310, 245, 251, 269, 259, 290, 258, 255, 259, 285, 270, 258], "yearly_rates_fem": [390, 435, 454, 355, 370, 357, 333, 368, 363, 371, 371, 315, 441, 443, 327, 369, 326, 446, 390, 358], "total_fem": 10161}, "grandchildren": {"total_mal": 14790, "word": "grandchildren", "rate_fem": 88, "words_included": "grandchildren, grandchild, granddaughter, grandson", "rate_mal": 99, "yearly_rates_mal": [111, 132, 147, 148, 145, 132, 121, 104, 107, 89, 79, 76, 77, 71, 75, 71, 76, 77, 72, 71], "yearly_rates_fem": [121, 127, 138, 120, 123, 108, 102, 107, 118, 85, 68, 58, 65, 69, 55, 58, 73, 57, 61, 52], "total_fem": 2311}, "social": {"total_mal": 3590, "word": "social", "rate_fem": 42, "words_included": "social", "rate_mal": 24, "yearly_rates_mal": [20, 22, 17, 23, 26, 28, 21, 33, 29, 23, 26, 25, 18, 22, 22, 23, 26, 30, 27, 25], "yearly_rates_fem": [55, 50, 60, 47, 49, 54, 37, 56, 34, 63, 53, 41, 21, 41, 25, 30, 35, 31, 24, 38], "total_fem": 1130}, "award": {"total_mal": 3627, "word": "award", "rate_fem": 36, "words_included": "award", "rate_mal": 24, "yearly_rates_mal": [28, 24, 28, 23, 30, 32, 30, 23, 27, 21, 24, 20, 24, 23, 25, 21, 27, 20, 18, 19], "yearly_rates_fem": [29, 26, 32, 37, 71, 49, 57, 40, 32, 24, 21, 20, 39, 43, 39, 33, 30, 35, 24, 33], "total_fem": 954}, "important": {"total_mal": 2484, "word": "important", "rate_fem": 16, "words_included": "important", "rate_mal": 17, "yearly_rates_mal": [12, 12, 12, 13, 15, 12, 15, 16, 17, 15, 20, 18, 21, 23, 19, 20, 18, 16, 17, 18], "yearly_rates_fem": [15, 12, 11, 11, 12, 18, 7, 16, 20, 14, 15, 26, 17, 19, 18, 15, 23, 23, 18, 14], "total_fem": 444}, "military": {"total_mal": 13669, "word": "military", "rate_fem": 24, "words_included": "military, army, navy", "rate_mal": 91, "yearly_rates_mal": [91, 83, 113, 108, 95, 105, 97, 105, 75, 91, 80, 87, 91, 89, 83, 101, 85, 80, 85, 86], "yearly_rates_fem": [5, 20, 35, 27, 21, 26, 17, 23, 21, 15, 35, 32, 22, 41, 19, 32, 28, 14, 22, 17], "total_fem": 652}, "republican": {"total_mal": 2147, "word": "republican", "rate_fem": 10, "words_included": "republican", "rate_mal": 15, "yearly_rates_mal": [23, 17, 14, 15, 19, 15, 12, 15, 13, 18, 13, 14, 11, 12, 10, 14, 17, 12, 13, 13], "yearly_rates_fem": [18, 9, 13, 11, 14, 8, 7, 19, 13, 10, 15, 5, 3, 4, 9, 2, 3, 6, 18, 11], "total_fem": 258}, "visual arts": {"total_mal": 6217, "word": "visual arts", "rate_fem": 65, "words_included": "artist, painter, photographer, painted, sculptor, curator, architect, illustrator", "rate_mal": 42, "yearly_rates_mal": [55, 47, 41, 44, 43, 40, 43, 41, 34, 32, 34, 30, 38, 42, 46, 43, 43, 48, 54, 47], "yearly_rates_fem": [58, 108, 63, 63, 87, 75, 69, 64, 45, 47, 51, 59, 67, 61, 73, 53, 56, 81, 46, 65], "total_fem": 1719}, "sister": {"total_mal": 10026, "word": "sister", "rate_fem": 101, "words_included": "sister, sisters", "rate_mal": 67, "yearly_rates_mal": [79, 90, 103, 110, 111, 99, 92, 85, 68, 63, 53, 49, 44, 46, 46, 41, 41, 42, 39, 40], "yearly_rates_fem": [111, 131, 134, 118, 121, 132, 125, 142, 142, 86, 77, 87, 78, 76, 76, 83, 74, 86, 73, 66], "total_fem": 2670}, "daughter": {"total_mal": 0, "word": "daughter", "rate_fem": 0, "words_included": "daughter, daughters", "rate_mal": 0, "yearly_rates_mal": [0, 0, 0, 0, 0, 0, 0, 0, 0, 0, 0, 0, 0, 0, 0, 0, 0, 0, 0, 0], "yearly_rates_fem": [0, 0, 0, 0, 0, 0, 0, 0, 0, 0, 0, 0, 0, 0, 0, 0, 0, 0, 0, 0], "total_fem": 0}, "elected": {"total_mal": 2970, "word": "elected", "rate_fem": 12, "words_included": "elected", "rate_mal": 20, "yearly_rates_mal": [29, 27, 26, 26, 26, 25, 21, 21, 21, 19, 16, 20, 15, 18, 15, 15, 20, 11, 13, 14], "yearly_rates_fem": [12, 14, 14, 11, 16, 11, 4, 23, 21, 18, 15, 6, 8, 8, 8, 7, 9, 8, 12, 9], "total_fem": 313}, "career": {"total_mal": 10912, "word": "career", "rate_fem": 81, "words_included": "career", "rate_mal": 73, "yearly_rates_mal": [74, 72, 64, 67, 77, 82, 88, 77, 83, 78, 73, 71, 68, 70, 70, 72, 76, 67, 69, 68], "yearly_rates_fem": [84, 72, 58, 86, 75, 100, 104, 79, 90, 89, 83, 79, 67, 80, 81, 73, 82, 70, 91, 79], "total_fem": 2190}, "science": {"total_mal": 19691, "word": "science", "rate_fem": 73, "words_included": "science, scientist, research, scientific, sciences, scientists, engineer, engineering", "rate_mal": 132, "yearly_rates_mal": [106, 123, 126, 149, 132, 147, 143, 150, 159, 154, 143, 108, 124, 109, 138, 117, 129, 146, 133, 103], "yearly_rates_fem": [52, 70, 59, 75, 88, 78, 82, 82, 73, 80, 108, 76, 79, 61, 66, 55, 92, 47, 78, 55], "total_fem": 1968}, "wife": {"total_mal": 28723, "word": "wife", "rate_fem": 33, "words_included": "wife", "rate_mal": 193, "yearly_rates_mal": [209, 228, 230, 243, 271, 243, 233, 236, 206, 187, 174, 158, 163, 156, 152, 150, 162, 157, 145, 150], "yearly_rates_fem": [56, 50, 34, 25, 28, 23, 31, 29, 25, 36, 39, 40, 33, 38, 33, 18, 28, 23, 28, 45], "total_fem": 884}, "journalism": {"total_mal": 3021, "word": "journalism", "rate_fem": 24, "words_included": "reporter, journalist, columnist", "rate_mal": 20, "yearly_rates_mal": [22, 28, 17, 14, 22, 23, 25, 16, 21, 17, 21, 21, 16, 23, 16, 21, 19, 26, 19, 22], "yearly_rates_fem": [30, 19, 28, 18, 24, 15, 32, 15, 30, 16, 25, 21, 28, 24, 20, 33, 21, 25, 39, 21], "total_fem": 646}, "democrat": {"total_mal": 3336, "word": "democrat", "rate_fem": 16, "words_included": "democratic, democrat", "rate_mal": 22, "yearly_rates_mal": [31, 28, 23, 24, 26, 27, 21, 25, 20, 21, 22, 27, 16, 21, 17, 17, 25, 17, 19, 20], "yearly_rates_fem": [43, 16, 8, 15, 23, 10, 8, 19, 15, 15, 34, 9, 10, 8, 6, 10, 6, 10, 22, 26], "total_fem": 411}, "leadership": {"total_mal": 63555, "word": "leadership", "rate_fem": 276, "words_included": "leader, administrator, executive, chair, director, president, chairwoman, chairman", "rate_mal": 426, "yearly_rates_mal": [576, 587, 650, 613, 559, 552, 545, 467, 430, 389, 364, 349, 335, 321, 298, 287, 309, 303, 285, 297], "yearly_rates_fem": [378, 385, 380, 323, 431, 350, 297, 388, 276, 243, 292, 227, 186, 201, 184, 188, 220, 180, 192, 197], "total_fem": 7246}, "marriage": {"total_mal": 7865, "word": "marriage", "rate_fem": 135, "words_included": "married, marry, marriage", "rate_mal": 53, "yearly_rates_mal": [30, 33, 27, 34, 48, 41, 51, 44, 49, 53, 55, 59, 59, 62, 64, 62, 72, 68, 77, 69], "yearly_rates_fem": [110, 105, 92, 118, 132, 127, 147, 122, 124, 150, 146, 156, 134, 158, 124, 165, 169, 142, 140, 137], "total_fem": 3683}, "mother": {"total_mal": 4365, "word": "mother", "rate_fem": 78, "words_included": "mother", "rate_mal": 29, "yearly_rates_mal": [30, 28, 31, 32, 35, 33, 29, 29, 28, 25, 27, 30, 28, 28, 33, 31, 30, 28, 22, 27], "yearly_rates_fem": [81, 71, 62, 66, 79, 75, 68, 58, 88, 82, 95, 98, 69, 86, 93, 98, 70, 71, 81, 77], "total_fem": 2140}, "action": {"total_mal": 4147, "word": "action", "rate_fem": 35, "words_included": "action, active", "rate_mal": 28, "yearly_rates_mal": [28, 31, 34, 32, 34, 37, 35, 33, 32, 28, 26, 26, 25, 26, 20, 24, 23, 22, 21, 18], "yearly_rates_fem": [39, 47, 48, 41, 45, 51, 52, 48, 43, 41, 40, 30, 19, 24, 24, 18, 19, 19, 26, 18], "total_fem": 912}, "won": {"total_mal": 7277, "word": "won", "rate_fem": 49, "words_included": "won", "rate_mal": 49, "yearly_rates_mal": [50, 46, 40, 38, 56, 54, 55, 45, 46, 46, 47, 51, 49, 53, 51, 54, 57, 44, 41, 53], "yearly_rates_fem": [46, 30, 40, 66, 50, 61, 74, 48, 46, 53, 37, 44, 39, 67, 45, 46, 51, 46, 28, 66], "total_fem": 1341}, "academia": {"total_mal": 25271, "word": "academia", "rate_fem": 122, "words_included": "professor, faculty, lecturer, emeritus, doctorate, institute", "rate_mal": 169, "yearly_rates_mal": [169, 185, 204, 218, 199, 233, 207, 222, 204, 180, 161, 127, 146, 135, 133, 114, 143, 133, 140, 133], "yearly_rates_fem": [142, 154, 143, 149, 177, 171, 177, 179, 126, 122, 104, 123, 105, 68, 86, 67, 97, 83, 76, 92], "total_fem": 3228}, "husband": {"total_mal": 652, "word": "husband", "rate_fem": 182, "words_included": "husband", "rate_mal": 4, "yearly_rates_mal": [5, 4, 5, 3, 3, 3, 4, 3, 5, 7, 3, 6, 5, 5, 6, 5, 5, 4, 3, 4], "yearly_rates_fem": [225, 203, 203, 209, 228, 215, 207, 206, 220, 188, 185, 157, 151, 144, 165, 153, 188, 132, 143, 125], "total_fem": 4858}, "black": {"total_mal": 4935, "word": "black", "rate_fem": 42, "words_included": "black, african-american", "rate_mal": 33, "yearly_rates_mal": [28, 26, 26, 23, 24, 28, 34, 22, 37, 31, 44, 49, 25, 39, 32, 45, 39, 28, 44, 35], "yearly_rates_fem": [39, 39, 30, 21, 29, 26, 28, 39, 55, 29, 22, 45, 60, 72, 36, 47, 40, 39, 80, 69], "total_fem": 1142}}